timeStamp,elapsed,label,responseCode,responseMessage,threadName,dataType,success,failureMessage,bytes,sentBytes,grpThreads,allThreads,URL,Latency,IdleTime,Connect
1764871297282,1550,Get Host Page,200,OK,Create Post Group 2-1,text,true,,27543,116,1,5,http://localhost:3000/,315,0,14
1764871298835,124,Get Login Page,200,OK,Create Post Group 2-1,text,true,,25998,287,1,5,http://localhost:3000/login?_rsc=rxx9e,120,0,0
1764871297282,1755,Get Host Page,200,OK,Login Group 1-1,text,true,,27543,116,1,5,http://localhost:3000/,440,0,14
1764871297282,1768,Get Host Page,200,OK,Settings Group 5-1,text,true,,27543,116,1,5,http://localhost:3000/,408,0,14
1764871297282,1772,Get Host Page,200,OK,Like and Save Post Group 3-1,text,true,,27543,116,1,5,http://localhost:3000/,275,0,14
1764871297282,1785,Get Host Page,200,OK,Delete Post Group 4-1,text,true,,27543,116,1,5,http://localhost:3000/,380,0,14
1764871299038,231,Get Login Page,200,OK,Login Group 1-1,text,true,,25998,287,1,5,http://localhost:3000/login?_rsc=rxx9e,229,0,0
1764871299052,267,Get Login Page,200,OK,Settings Group 5-1,text,true,,25998,287,1,5,http://localhost:3000/login?_rsc=rxx9e,264,0,0
1764871299056,313,Get Login Page,200,OK,Like and Save Post Group 3-1,text,true,,25998,287,1,5,http://localhost:3000/login?_rsc=rxx9e,309,0,0
1764871299068,346,Get Login Page,200,OK,Delete Post Group 4-1,text,true,,25998,287,1,5,http://localhost:3000/login?_rsc=rxx9e,342,0,0
1764871298960,1195,Post Login Page,200,OK,Create Post Group 2-1,text,true,,28694,517,1,5,http://localhost:3000/login,677,0,0
1764871299319,1087,Post Login Page,200,OK,Settings Group 5-1,text,true,,28694,517,1,5,http://localhost:3000/login,757,0,0
1764871299269,1225,Post Login Page,200,OK,Login Group 1-1,text,true,,28694,517,1,5,http://localhost:3000/login,822,0,0
1764871299369,1139,Post Login Page,200,OK,Like and Save Post Group 3-1,text,true,,28694,517,1,5,http://localhost:3000/login,765,0,0
1764871299414,1131,Post Login Page,200,OK,Delete Post Group 4-1,text,true,,28694,517,1,5,http://localhost:3000/login,707,0,0
1764871300159,924,Get Dashboard Page,200,OK,Create Post Group 2-1,text,true,,35067,5583,1,5,http://localhost:3000/dashboard,699,0,0
1764871300408,1052,Get Dashboard Page,200,OK,Settings Group 5-1,text,true,,35067,5583,1,5,http://localhost:3000/dashboard,774,0,0
1764871300510,1042,Get Dashboard Page,200,OK,Like and Save Post Group 3-1,text,true,,35067,5583,1,5,http://localhost:3000/dashboard,874,0,0
1764871300496,1071,Get Dashboard Page,200,OK,Login Group 1-1,text,true,,35067,5583,1,5,http://localhost:3000/dashboard,820,0,0
1764871300546,1083,Get Dashboard Page,200,OK,Delete Post Group 4-1,text,true,,35067,5583,1,4,http://localhost:3000/dashboard,894,0,0
1764871301462,309,Get Settings Page,200,OK,Settings Group 5-1,text,true,,3633,6038,1,4,http://localhost:3000/dashboard/settings?_rsc=s91z9,307,0,0
1764871301084,720,Get Create Post Page,200,OK,Create Post Group 2-1,text,true,,26353,5563,1,4,http://localhost:3000/dashboard/create-post/ai,718,0,0
1764871301553,724,Get Create Post Page,200,OK,Like and Save Post Group 3-1,text,true,,26353,5563,1,4,http://localhost:3000/dashboard/create-post/ai,722,0,0
1764871301630,731,Get Create Post Page,200,OK,Delete Post Group 4-1,text,true,,26353,5563,1,4,http://localhost:3000/dashboard/create-post/ai,727,0,0
1764871301805,1512,Post Create Post Page,500,Internal Server Error,Create Post Group 2-1,text,false,,645,5812,1,4,http://localhost:3000/dashboard/create-post/ai,1511,0,0
1764871301773,1730,Post Bio Settings,200,OK,Settings Group 5-1,text,true,,11551,6332,1,3,http://localhost:3000/dashboard/settings,1163,0,0
1764871302279,1495,Post Create Post Page,500,Internal Server Error,Like and Save Post Group 3-1,text,false,,645,5812,1,2,http://localhost:3000/dashboard/create-post/ai,1495,0,0
1764871302362,1669,Post Create Post Page,500,Internal Server Error,Delete Post Group 4-1,text,false,,645,5812,1,2,http://localhost:3000/dashboard/create-post/ai,1669,0,0
1764871303775,946,Get Post Page,200,OK,Like and Save Post Group 3-1,text,true,,28078,5350,1,2,http://localhost:3000/dashboard/post/Id%20Not%20Found,934,0,0
1764871304032,782,Get Post Page,200,OK,Delete Post Group 4-1,text,true,,28078,5570,1,2,http://localhost:3000/dashboard/post/Id%20Not%20Found,731,0,0
1764871304722,676,Post Like Post,200,OK,Like and Save Post Group 3-1,text,true,,28078,5452,1,2,http://localhost:3000/dashboard/post/Id%20Not%20Found,674,0,0
1764871304814,1178,Delete Post,500,Internal Server Error,Delete Post Group 4-1,text,false,,631,5872,1,2,http://localhost:3000/dashboard/post/Id%20Not%20Found,1178,0,0
1764871305398,784,Post Save Post,200,OK,Like and Save Post Group 3-1,text,true,,28078,5452,1,1,http://localhost:3000/dashboard/post/Id%20Not%20Found,781,0,0
1764871312269,2357,Get Host Page,200,OK,Like and Save Post Group 3-1,text,true,,27543,116,10,50,http://localhost:3000/,982,0,17
1764871312269,2440,Get Host Page,200,OK,Create Post Group 2-2,text,true,,27543,116,10,50,http://localhost:3000/,1332,0,17
1764871312269,2442,Get Host Page,200,OK,Settings Group 5-1,text,true,,27543,116,10,50,http://localhost:3000/,1180,0,17
1764871312269,2522,Get Host Page,200,OK,Login Group 1-2,text,true,,27543,116,10,50,http://localhost:3000/,1502,0,17
1764871312269,2524,Get Host Page,200,OK,Login Group 1-1,text,true,,27543,116,10,50,http://localhost:3000/,1449,0,17
1764871312269,2563,Get Host Page,200,OK,Create Post Group 2-1,text,true,,27543,116,10,50,http://localhost:3000/,1409,0,17
1764871312269,2614,Get Host Page,200,OK,Delete Post Group 4-1,text,true,,27543,116,10,50,http://localhost:3000/,1449,0,17
1764871312272,2613,Get Host Page,200,OK,Delete Post Group 4-2,text,true,,27543,116,10,50,http://localhost:3000/,1330,0,14
1764871312269,2632,Get Host Page,200,OK,Like and Save Post Group 3-2,text,true,,27543,116,10,50,http://localhost:3000/,1476,0,17
1764871312278,2852,Get Host Page,200,OK,Settings Group 5-2,text,true,,27543,116,10,50,http://localhost:3000/,1574,0,8
1764871312358,2963,Get Host Page,200,OK,Login Group 1-3,text,true,,27543,116,10,50,http://localhost:3000/,2146,0,1
1764871312365,2986,Get Host Page,200,OK,Like and Save Post Group 3-3,text,true,,27543,116,10,50,http://localhost:3000/,2250,0,1
1764871312371,3065,Get Host Page,200,OK,Delete Post Group 4-3,text,true,,27543,116,10,50,http://localhost:3000/,2390,0,1
1764871312378,3078,Get Host Page,200,OK,Settings Group 5-3,text,true,,27543,116,10,50,http://localhost:3000/,2410,0,1
1764871312359,3178,Get Host Page,200,OK,Create Post Group 2-3,text,true,,27543,116,10,50,http://localhost:3000/,2429,0,0
1764871312457,3383,Get Host Page,200,OK,Login Group 1-4,text,true,,27543,116,10,50,http://localhost:3000/,2563,0,0
1764871312465,3524,Get Host Page,200,OK,Like and Save Post Group 3-4,text,true,,27543,116,10,50,http://localhost:3000/,2791,0,1
1764871312458,3533,Get Host Page,200,OK,Create Post Group 2-4,text,true,,27543,116,10,50,http://localhost:3000/,2696,0,1
1764871312477,3693,Get Host Page,200,OK,Settings Group 5-4,text,true,,27543,116,10,50,http://localhost:3000/,2889,0,0
1764871312471,3790,Get Host Page,200,OK,Delete Post Group 4-4,text,true,,27543,116,10,50,http://localhost:3000/,2859,0,2
1764871312558,3843,Get Host Page,200,OK,Create Post Group 2-5,text,true,,27543,116,10,50,http://localhost:3000/,3003,0,0
1764871312558,3879,Get Host Page,200,OK,Login Group 1-5,text,true,,27543,116,10,50,http://localhost:3000/,3184,0,0
1764871312570,3881,Get Host Page,200,OK,Delete Post Group 4-5,text,true,,27543,116,10,50,http://localhost:3000/,3172,0,1
1764871312577,3927,Get Host Page,200,OK,Settings Group 5-5,text,true,,27543,116,10,50,http://localhost:3000/,3226,0,1
1764871312565,4007,Get Host Page,200,OK,Like and Save Post Group 3-5,text,true,,27543,116,10,50,http://localhost:3000/,3274,0,1
1764871312656,4345,Get Host Page,200,OK,Login Group 1-6,text,true,,27543,116,10,50,http://localhost:3000/,3459,0,1
1764871312665,4461,Get Host Page,200,OK,Like and Save Post Group 3-6,text,true,,27543,116,10,50,http://localhost:3000/,3583,0,1
1764871312677,4495,Get Host Page,200,OK,Settings Group 5-6,text,true,,27543,116,10,50,http://localhost:3000/,3685,0,1
1764871312671,4502,Get Host Page,200,OK,Delete Post Group 4-6,text,true,,27543,116,10,50,http://localhost:3000/,3743,0,1
1764871312658,4556,Get Host Page,200,OK,Create Post Group 2-6,text,true,,27543,116,10,50,http://localhost:3000/,3776,0,1
1764871312765,4813,Get Host Page,200,OK,Like and Save Post Group 3-7,text,true,,27543,116,10,50,http://localhost:3000/,3914,0,1
1764871312756,5037,Get Host Page,200,OK,Login Group 1-7,text,true,,27543,116,10,50,http://localhost:3000/,4014,0,1
1764871312757,5055,Get Host Page,200,OK,Create Post Group 2-7,text,true,,27543,116,10,50,http://localhost:3000/,4033,0,1
1764871312779,5036,Get Host Page,200,OK,Settings Group 5-7,text,true,,27543,116,10,50,http://localhost:3000/,4126,0,1
1764871312770,5142,Get Host Page,200,OK,Delete Post Group 4-7,text,true,,27543,116,10,50,http://localhost:3000/,4241,0,1
1764871312855,5182,Get Host Page,200,OK,Login Group 1-8,text,true,,27543,116,10,50,http://localhost:3000/,4254,0,1
1764871312871,5212,Get Host Page,200,OK,Delete Post Group 4-8,text,true,,27543,116,10,50,http://localhost:3000/,4239,0,0
1764871312877,5232,Get Host Page,200,OK,Settings Group 5-8,text,true,,27543,116,10,50,http://localhost:3000/,4293,0,0
1764871312865,5288,Get Host Page,200,OK,Like and Save Post Group 3-8,text,true,,27543,116,10,50,http://localhost:3000/,4338,0,0
1764871312859,5342,Get Host Page,200,OK,Create Post Group 2-8,text,true,,27543,116,10,50,http://localhost:3000/,4416,0,1
1764871312965,5296,Get Host Page,200,OK,Like and Save Post Group 3-9,text,true,,27543,116,10,50,http://localhost:3000/,4498,0,1
1764871312971,5381,Get Host Page,200,OK,Delete Post Group 4-9,text,true,,27543,116,10,50,http://localhost:3000/,4549,0,0
1764871312957,5461,Get Host Page,200,OK,Create Post Group 2-9,text,true,,27543,116,10,50,http://localhost:3000/,4606,0,1
1764871312955,5534,Get Host Page,200,OK,Login Group 1-9,text,true,,27543,116,10,50,http://localhost:3000/,4690,0,1
1764871312977,5554,Get Host Page,200,OK,Settings Group 5-9,text,true,,27543,116,10,50,http://localhost:3000/,4753,0,1
1764871313077,5590,Get Host Page,200,OK,Settings Group 5-10,text,true,,27543,116,10,50,http://localhost:3000/,4880,0,1
1764871313055,5614,Get Host Page,200,OK,Login Group 1-10,text,true,,27543,116,10,50,http://localhost:3000/,4965,0,1
1764871313065,5664,Get Host Page,200,OK,Like and Save Post Group 3-10,text,true,,27543,116,10,50,http://localhost:3000/,5068,0,1
1764871313058,5672,Get Host Page,200,OK,Create Post Group 2-10,text,true,,27543,116,10,50,http://localhost:3000/,4841,0,1
1764871313071,5735,Get Host Page,200,OK,Delete Post Group 4-10,text,true,,27543,116,10,50,http://localhost:3000/,5035,0,1
1764871314711,4179,Get Login Page,200,OK,Settings Group 5-1,text,true,,25998,287,10,50,http://localhost:3000/login?_rsc=rxx9e,4163,0,0
1764871314709,4229,Get Login Page,200,OK,Create Post Group 2-2,text,true,,25998,287,10,50,http://localhost:3000/login?_rsc=rxx9e,4209,0,0
1764871314793,4242,Get Login Page,200,OK,Login Group 1-1,text,true,,25998,287,10,50,http://localhost:3000/login?_rsc=rxx9e,4199,0,0
1764871314791,4326,Get Login Page,200,OK,Login Group 1-2,text,true,,25998,287,10,50,http://localhost:3000/login?_rsc=rxx9e,4285,0,0
1764871314635,4531,Get Login Page,200,OK,Like and Save Post Group 3-1,text,true,,25998,287,10,50,http://localhost:3000/login?_rsc=rxx9e,4483,0,0
1764871314833,4448,Get Login Page,200,OK,Create Post Group 2-1,text,true,,25998,287,10,50,http://localhost:3000/login?_rsc=rxx9e,4407,0,0
1764871314885,4419,Get Login Page,200,OK,Delete Post Group 4-2,text,true,,25998,287,10,50,http://localhost:3000/login?_rsc=rxx9e,4397,0,0
1764871314902,4414,Get Login Page,200,OK,Like and Save Post Group 3-2,text,true,,25998,287,10,50,http://localhost:3000/login?_rsc=rxx9e,4404,0,0
1764871314883,4455,Get Login Page,200,OK,Delete Post Group 4-1,text,true,,25998,287,10,50,http://localhost:3000/login?_rsc=rxx9e,4445,0,0
1764871315130,4340,Get Login Page,200,OK,Settings Group 5-2,text,true,,25998,287,10,50,http://localhost:3000/login?_rsc=rxx9e,4327,0,0
1764871315352,4266,Get Login Page,200,OK,Like and Save Post Group 3-3,text,true,,25998,287,10,50,http://localhost:3000/login?_rsc=rxx9e,4243,0,0
1764871315322,4350,Get Login Page,200,OK,Login Group 1-3,text,true,,25998,287,10,50,http://localhost:3000/login?_rsc=rxx9e,4314,0,0
1764871315437,4293,Get Login Page,200,OK,Delete Post Group 4-3,text,true,,25998,287,10,50,http://localhost:3000/login?_rsc=rxx9e,4275,0,0
1764871315456,4480,Get Login Page,200,OK,Settings Group 5-3,text,true,,25998,287,10,50,http://localhost:3000/login?_rsc=rxx9e,4455,0,0
1764871315538,4426,Get Login Page,200,OK,Create Post Group 2-3,text,true,,25998,287,10,50,http://localhost:3000/login?_rsc=rxx9e,4399,0,0
1764871315841,4159,Get Login Page,200,OK,Login Group 1-4,text,true,,25998,287,10,50,http://localhost:3000/login?_rsc=rxx9e,4145,0,0
1764871315992,4121,Get Login Page,200,OK,Create Post Group 2-4,text,true,,25998,287,10,50,http://localhost:3000/login?_rsc=rxx9e,4113,0,0
1764871315990,4260,Get Login Page,200,OK,Like and Save Post Group 3-4,text,true,,25998,287,10,50,http://localhost:3000/login?_rsc=rxx9e,4250,0,0
1764871316262,4034,Get Login Page,200,OK,Delete Post Group 4-4,text,true,,25998,287,10,50,http://localhost:3000/login?_rsc=rxx9e,3999,0,0
1764871316170,4212,Get Login Page,200,OK,Settings Group 5-4,text,true,,25998,287,10,50,http://localhost:3000/login?_rsc=rxx9e,4200,0,0
1764871316402,4006,Get Login Page,200,OK,Create Post Group 2-5,text,true,,25998,287,10,50,http://localhost:3000/login?_rsc=rxx9e,3997,0,0
1764871316451,4105,Get Login Page,200,OK,Delete Post Group 4-5,text,true,,25998,287,10,50,http://localhost:3000/login?_rsc=rxx9e,4082,0,0
1764871316505,4103,Get Login Page,200,OK,Settings Group 5-5,text,true,,25998,287,10,50,http://localhost:3000/login?_rsc=rxx9e,4084,0,0
1764871316437,4240,Get Login Page,200,OK,Login Group 1-5,text,true,,25998,287,10,50,http://localhost:3000/login?_rsc=rxx9e,4216,0,0
1764871316572,4144,Get Login Page,200,OK,Like and Save Post Group 3-5,text,true,,25998,287,10,50,http://localhost:3000/login?_rsc=rxx9e,4132,0,0
1764871317215,3751,Get Login Page,200,OK,Create Post Group 2-6,text,true,,25998,287,10,50,http://localhost:3000/login?_rsc=rxx9e,3731,0,0
1764871317001,3981,Get Login Page,200,OK,Login Group 1-6,text,true,,25998,287,10,50,http://localhost:3000/login?_rsc=rxx9e,3966,0,0
1764871317127,3874,Get Login Page,200,OK,Like and Save Post Group 3-6,text,true,,25998,287,10,50,http://localhost:3000/login?_rsc=rxx9e,3864,0,0
1764871317172,3974,Get Login Page,200,OK,Settings Group 5-6,text,true,,25998,287,10,50,http://localhost:3000/login?_rsc=rxx9e,3957,0,0
1764871317173,3997,Get Login Page,200,OK,Delete Post Group 4-6,text,true,,25998,287,10,50,http://localhost:3000/login?_rsc=rxx9e,3984,0,0
1764871317579,3797,Get Login Page,200,OK,Like and Save Post Group 3-7,text,true,,25998,287,10,50,http://localhost:3000/login?_rsc=rxx9e,3745,0,0
1764871317914,3554,Get Login Page,200,OK,Delete Post Group 4-7,text,true,,25998,287,10,50,http://localhost:3000/login?_rsc=rxx9e,3537,0,0
1764871317813,3677,Get Login Page,200,OK,Create Post Group 2-7,text,true,,25998,287,10,50,http://localhost:3000/login?_rsc=rxx9e,3657,0,0
1764871317794,3757,Get Login Page,200,OK,Login Group 1-7,text,true,,25998,287,10,50,http://localhost:3000/login?_rsc=rxx9e,3697,0,0
1764871317816,3857,Get Login Page,200,OK,Settings Group 5-7,text,true,,25998,287,10,50,http://localhost:3000/login?_rsc=rxx9e,3794,0,0
1764871318084,3592,Get Login Page,200,OK,Delete Post Group 4-8,text,true,,25998,287,10,50,http://localhost:3000/login?_rsc=rxx9e,3527,0,0
1764871318038,3723,Get Login Page,200,OK,Login Group 1-8,text,true,,25998,287,10,50,http://localhost:3000/login?_rsc=rxx9e,3695,0,0
1764871318110,3654,Get Login Page,200,OK,Settings Group 5-8,text,true,,25998,287,10,50,http://localhost:3000/login?_rsc=rxx9e,3624,0,0
1764871318154,3728,Get Login Page,200,OK,Like and Save Post Group 3-8,text,true,,25998,287,10,50,http://localhost:3000/login?_rsc=rxx9e,3716,0,0
1764871318203,3696,Get Login Page,200,OK,Create Post Group 2-8,text,true,,25998,287,10,50,http://localhost:3000/login?_rsc=rxx9e,3681,0,0
1764871318263,3652,Get Login Page,200,OK,Like and Save Post Group 3-9,text,true,,25998,287,10,50,http://localhost:3000/login?_rsc=rxx9e,3636,0,0
1764871318419,3609,Get Login Page,200,OK,Create Post Group 2-9,text,true,,25998,287,10,50,http://localhost:3000/login?_rsc=rxx9e,3586,0,0
1764871318353,3707,Get Login Page,200,OK,Delete Post Group 4-9,text,true,,25998,287,10,50,http://localhost:3000/login?_rsc=rxx9e,3697,0,0
1764871318490,3662,Get Login Page,200,OK,Login Group 1-9,text,true,,25998,287,10,50,http://localhost:3000/login?_rsc=rxx9e,3641,0,0
1764871318532,3739,Get Login Page,200,OK,Settings Group 5-9,text,true,,25998,287,10,50,http://localhost:3000/login?_rsc=rxx9e,3731,0,0
1764871318671,3735,Get Login Page,200,OK,Login Group 1-10,text,true,,25998,287,10,49,http://localhost:3000/login?_rsc=rxx9e,3722,0,0
1764871318668,3795,Get Login Page,200,OK,Settings Group 5-10,text,true,,25998,287,9,48,http://localhost:3000/login?_rsc=rxx9e,3772,0,0
1764871318730,3804,Get Login Page,200,OK,Like and Save Post Group 3-10,text,true,,25998,287,10,47,http://localhost:3000/login?_rsc=rxx9e,3793,0,0
1764871318732,3849,Get Login Page,200,OK,Create Post Group 2-10,text,true,,25998,287,10,46,http://localhost:3000/login?_rsc=rxx9e,3813,0,0
1764871318807,3849,Get Login Page,200,OK,Delete Post Group 4-10,text,true,,25998,287,10,45,http://localhost:3000/login?_rsc=rxx9e,3819,0,0
1764871318892,4600,Post Login Page,200,OK,Settings Group 5-1,text,true,,28693,517,8,44,http://localhost:3000/login,4103,0,0
1764871319036,4692,Post Login Page,200,OK,Login Group 1-1,text,true,,28693,517,9,43,http://localhost:3000/login,4148,0,0
1764871319168,4619,Post Login Page,200,OK,Like and Save Post Group 3-1,text,true,,28693,517,9,42,http://localhost:3000/login,4078,0,0
1764871319118,4721,Post Login Page,200,OK,Login Group 1-2,text,true,,28693,517,8,41,http://localhost:3000/login,4210,0,0
1764871318939,4926,Post Login Page,200,OK,Create Post Group 2-2,text,true,,28693,517,9,40,http://localhost:3000/login,4318,0,0
1764871319340,4649,Post Login Page,200,OK,Delete Post Group 4-1,text,true,,28693,517,9,39,http://localhost:3000/login,4028,0,0
1764871319317,4715,Post Login Page,200,OK,Like and Save Post Group 3-2,text,true,,28693,517,8,38,http://localhost:3000/login,4132,0,0
1764871319472,4760,Post Login Page,200,OK,Settings Group 5-2,text,true,,28690,517,7,37,http://localhost:3000/login,4200,0,0
1764871319306,4935,Post Login Page,200,OK,Delete Post Group 4-2,text,true,,28693,517,8,36,http://localhost:3000/login,4289,0,0
1764871319673,4577,Post Login Page,200,OK,Login Group 1-3,text,true,,28693,517,7,35,http://localhost:3000/login,4009,0,0
1764871321172,3212,Post Login Page,200,OK,Delete Post Group 4-6,text,true,,467,517,7,34,http://localhost:3000/login,3211,0,0
1764871321674,2732,Post Login Page,200,OK,Settings Group 5-7,text,true,,467,517,6,33,http://localhost:3000/login,2732,0,0
1764871319619,4791,Post Login Page,200,OK,Like and Save Post Group 3-3,text,true,,28693,517,7,32,http://localhost:3000/login,4201,0,0
1764871321377,3058,Post Login Page,200,OK,Like and Save Post Group 3-7,text,true,,467,517,6,31,http://localhost:3000/login,3058,0,0
1764871321551,2887,Post Login Page,200,OK,Login Group 1-7,text,true,,467,517,6,30,http://localhost:3000/login,2887,0,0
1764871319731,4730,Post Login Page,200,OK,Delete Post Group 4-3,text,true,,28690,517,6,29,http://localhost:3000/login,4011,0,0
1764871321883,2595,Post Login Page,200,OK,Like and Save Post Group 3-8,text,true,,467,517,5,28,http://localhost:3000/login,2595,0,0
1764871321469,3010,Post Login Page,200,OK,Delete Post Group 4-7,text,true,,467,517,5,27,http://localhost:3000/login,3010,0,0
1764871321676,2808,Post Login Page,200,OK,Delete Post Group 4-8,text,true,,467,517,4,26,http://localhost:3000/login,2808,0,0
1764871319282,5204,Post Login Page,200,OK,Create Post Group 2-1,text,true,,28693,517,8,25,http://localhost:3000/login,4187,0,0
1764871321899,2625,Post Login Page,200,OK,Create Post Group 2-8,text,true,,467,517,7,24,http://localhost:3000/login,2625,0,0
1764871321764,2768,Post Login Page,200,OK,Settings Group 5-8,text,true,,467,517,5,23,http://localhost:3000/login,2768,0,0
1764871319966,4568,Post Login Page,200,OK,Create Post Group 2-3,text,true,,28693,517,6,22,http://localhost:3000/login,3923,0,0
1764871321761,2846,Post Login Page,200,OK,Login Group 1-8,text,true,,467,517,5,21,http://localhost:3000/login,2846,0,0
1764871320114,4502,Post Login Page,200,OK,Create Post Group 2-4,text,true,,28693,517,5,20,http://localhost:3000/login,3891,0,0
1764871319937,4681,Post Login Page,200,OK,Settings Group 5-3,text,true,,28688,517,4,19,http://localhost:3000/login,3986,0,0
1764871320004,4615,Post Login Page,200,OK,Login Group 1-4,text,true,,28693,517,4,18,http://localhost:3000/login,4041,0,0
1764871322152,2480,Post Login Page,200,OK,Login Group 1-9,text,true,,467,517,3,17,http://localhost:3000/login,2480,0,0
1764871322028,2606,Post Login Page,200,OK,Create Post Group 2-9,text,true,,467,517,4,16,http://localhost:3000/login,2606,0,0
1764871321915,2744,Post Login Page,200,OK,Like and Save Post Group 3-9,text,true,,467,517,4,15,http://localhost:3000/login,2744,0,0
1764871322060,2625,Post Login Page,200,OK,Delete Post Group 4-9,text,true,,467,517,3,14,http://localhost:3000/login,2625,0,0
1764871320557,4187,Post Login Page,200,OK,Delete Post Group 4-5,text,true,,28693,517,2,13,http://localhost:3000/login,3670,0,0
1764871320409,4384,Post Login Page,200,OK,Create Post Group 2-5,text,true,,28693,517,3,12,http://localhost:3000/login,3947,0,0
1764871320384,4486,Post Login Page,200,OK,Settings Group 5-4,text,true,,28690,517,3,11,http://localhost:3000/login,3990,0,0
1764871320298,4574,Post Login Page,200,OK,Delete Post Group 4-4,text,true,,28693,517,1,10,http://localhost:3000/login,4136,0,0
1764871320678,4195,Post Login Page,200,OK,Login Group 1-5,text,true,,28690,517,2,9,http://localhost:3000/login,3818,0,0
1764871320251,4624,Post Login Page,200,OK,Like and Save Post Group 3-4,text,true,,28693,517,3,8,http://localhost:3000/login,4258,0,0
1764871320610,4267,Post Login Page,200,OK,Settings Group 5-5,text,true,,28693,517,2,7,http://localhost:3000/login,3840,0,0
1764871321490,3489,Post Login Page,200,OK,Create Post Group 2-7,text,true,,28693,517,2,6,http://localhost:3000/login,3099,0,0
1764871321003,3977,Post Login Page,200,OK,Like and Save Post Group 3-6,text,true,,28690,517,2,5,http://localhost:3000/login,3564,0,0
1764871320984,4044,Post Login Page,200,OK,Login Group 1-6,text,true,,28693,517,1,4,http://localhost:3000/login,3592,0,0
1764871320717,4378,Post Login Page,200,OK,Like and Save Post Group 3-5,text,true,,28693,517,1,3,http://localhost:3000/login,3880,0,0
1764871321148,3972,Post Login Page,200,OK,Settings Group 5-6,text,true,,28693,517,1,2,http://localhost:3000/login,3400,0,0
1764871320968,4155,Post Login Page,200,OK,Create Post Group 2-6,text,true,,28693,517,1,1,http://localhost:3000/login,3590,0,0
